<?xml version="1.0" encoding="UTF-8" standalone="no"?><xmap-revision-content xmlns="urn:xmind:xmap:xmlns:revision:1.0" xmlns:fo="http://www.w3.org/1999/XSL/Format" xmlns:svg="http://www.w3.org/2000/svg" xmlns:xhtml="http://www.w3.org/1999/xhtml" xmlns:xlink="http://www.w3.org/1999/xlink"><sheet id="1iskte0btk5q872jvvs8hqacn1" modified-by="" style-id="0u3k3hrq91juqij9p6pr6ebh5q" theme="6ksialn25r82qgki6diuv4rf5p" timestamp="1497628070370" xmlns="urn:xmind:xmap:xmlns:content:2.0"><topic id="56dvvn6jjit766ritk5flnp0jq" modified-by="" structure-class="org.xmind.ui.logic.right" timestamp="1497627731573"><title svg:width="500">gallery_display&#13;
version 4.0.1&#13;
(old 2017)</title><children><topics type="attached"><topic id="19he80r6f6fn39nni21hb5900k" modified-by="" timestamp="1497627939781"><title>admin: init.rsgallery2.php</title><children><topics type="attached"><topic id="3gq1d0rhafn8mvt7s32eohbm5i" modified-by="" style-id="1v4htqecerlcav8harbaol26kk" timestamp="1497627990490"><title svg:width="500">global $rsgConfig, $rsgVersion, &#13;
          $rsgOption, $mainframe;</title></topic><topic id="54cc8tb021160hgsf8hls4m1v3" modified-by="" style-id="7bj16tvvlqr5bkgcshbl1c2ggs" timestamp="1497628070370"><title>const JPATH_RSGALLERY2_SITE,&#13;
        JPATH_RSGALLERY2_ADMIN</title></topic></topics></children></topic></topics></children></topic><title>Sheet 1</title></sheet></xmap-revision-content>