<?xml version="1.0" encoding="utf-8"?>
<install version="1.5" type="plugin" group="content">
	<name>Content - Phatfusion Slideshow</name>
	<author>Joomla! Project</author>
	<creationDate>February 2007</creationDate>
	<copyright>Copyright (C) 2005 - 2008 Open Source Matters. All rights reserved.</copyright>
	<license>http://www.gnu.org/licenses/gpl-2.0.html GNU/GPL</license>
	<authorEmail>AmyStephen@OpenSourceCommunity.org</authorEmail>
	<authorUrl>OpenSourceCommunity.org</authorUrl>
	<version>1.0</version>
	<description>DESC</description>
	<files>
		<filename plugin="phatfusionslideshow">phatfusionslideshow.php</filename>
		<folder>phatfusionslideshow</folder>
	</files>
	<languages>
		<language tag="en-GB">en-GB.plg_content_phatfusionslideshow.ini</language>
		<language tag="en-ES">en-ES.plg_content_phatfusionslideshow.ini</language>
	</languages>
	<params>
		<param name="wait" type="text" default="5000" label="WAITTIME" description="WAITTIMEDESC"></param>
		<param name="effect" type="radio" default="fade" label="SLIDEEFFECT" description="SLIDEEFFECTDESC">
			<option value="fade">Fade</option>
			<option value="wipe">Wipe</option>
			<option value="slide">Slide</option>
			<option value="random">Random</option>
		</param>
		<param name="duration" type="text" default="2000" label="SLIDEDURATION" description="SLIDEDURATIONDESC"></param>
		<param name="loop" type="radio" default="1" label="LOOP" description="LOOPDESC">
			<option value="1">Yes</option>
			<option value="0">No</option>
		</param>
		<param name="thumbnails" type="radio" default="1" label="THUMBNAILS" description="THUMBNAILSDESC">
			<option value="1">Yes</option>
			<option value="0">No</option>
		</param>
		<param name="backgroundSlider" type="radio" default="0" label="BACKGROUNDSLIDER" description="BACKGROUNDSLIDERDESC">
			<option value="1">Yes</option>
			<option value="0">No</option>
		</param>
	</params>
</install>